-- =====================================================
-- COMPLETE COUNTRIES LIST - ALL WORLD COUNTRIES
-- =====================================================
-- This migration inserts all countries and territories
-- Total: 250+ countries

INSERT INTO countries (code, code3, name, native_name, phone_code, currency_code, continent, region, is_active) VALUES
-- EUROPE (Extended)
('AL', 'ALB', 'Albania', 'Shqipëria', '+355', 'EUR', 'Europe', 'Southern Europe', TRUE),
('AD', 'AND', 'Andorra', 'Andorra', '+376', 'EUR', 'Europe', 'Southern Europe', TRUE),
('AT', 'AUT', 'Austria', 'Österreich', '+43', 'EUR', 'Europe', 'Western Europe', TRUE),
('BY', 'BLR', 'Belarus', 'Беларусь', '+375', 'USD', 'Europe', 'Eastern Europe', TRUE),
('BA', 'BIH', 'Bosnia and Herzegovina', 'Bosna i Hercegovina', '+387', 'USD', 'Europe', 'Southern Europe', TRUE),
('BG', 'BGR', 'Bulgaria', 'България', '+359', 'USD', 'Europe', 'Eastern Europe', TRUE),
('HR', 'HRV', 'Croatia', 'Hrvatska', '+385', 'EUR', 'Europe', 'Southern Europe', TRUE),
('CY', 'CYP', 'Cyprus', 'Κύπρος', '+357', 'EUR', 'Europe', 'Southern Europe', TRUE),
('CZ', 'CZE', 'Czech Republic', 'Česká republika', '+420', 'USD', 'Europe', 'Eastern Europe', TRUE),
('DK', 'DNK', 'Denmark', 'Danmark', '+45', 'USD', 'Europe', 'Northern Europe', TRUE),
('EE', 'EST', 'Estonia', 'Eesti', '+372', 'EUR', 'Europe', 'Northern Europe', TRUE),
('FI', 'FIN', 'Finland', 'Suomi', '+358', 'EUR', 'Europe', 'Northern Europe', TRUE),
('GR', 'GRC', 'Greece', 'Ελλάδα', '+30', 'EUR', 'Europe', 'Southern Europe', TRUE),
('HU', 'HUN', 'Hungary', 'Magyarország', '+36', 'USD', 'Europe', 'Eastern Europe', TRUE),
('IS', 'ISL', 'Iceland', 'Ísland', '+354', 'USD', 'Europe', 'Northern Europe', TRUE),
('IE', 'IRL', 'Ireland', 'Éire', '+353', 'EUR', 'Europe', 'Northern Europe', TRUE),
('XK', 'XKX', 'Kosovo', 'Kosova', '+383', 'EUR', 'Europe', 'Southern Europe', TRUE),
('LV', 'LVA', 'Latvia', 'Latvija', '+371', 'EUR', 'Europe', 'Northern Europe', TRUE),
('LI', 'LIE', 'Liechtenstein', 'Liechtenstein', '+423', 'USD', 'Europe', 'Western Europe', TRUE),
('LT', 'LTU', 'Lithuania', 'Lietuva', '+370', 'EUR', 'Europe', 'Northern Europe', TRUE),
('LU', 'LUX', 'Luxembourg', 'Luxembourg', '+352', 'EUR', 'Europe', 'Western Europe', TRUE),
('MK', 'USD', 'North Macedonia', 'Македонија', '+389', 'USD', 'Europe', 'Southern Europe', TRUE),
('MT', 'MLT', 'Malta', 'Malta', '+356', 'EUR', 'Europe', 'Southern Europe', TRUE),
('MD', 'MDA', 'Moldova', 'Moldova', '+373', 'USD', 'Europe', 'Eastern Europe', TRUE),
('MC', 'MCO', 'Monaco', 'Monaco', '+377', 'EUR', 'Europe', 'Western Europe', TRUE),
('ME', 'MNE', 'Montenegro', 'Crna Gora', '+382', 'EUR', 'Europe', 'Southern Europe', TRUE),
('NO', 'NOR', 'Norway', 'Norge', '+47', 'USD', 'Europe', 'Northern Europe', TRUE),
('SM', 'SMR', 'San Marino', 'San Marino', '+378', 'EUR', 'Europe', 'Southern Europe', TRUE),
('RS', 'SRB', 'Serbia', 'Србија', '+381', 'USD', 'Europe', 'Southern Europe', TRUE),
('SK', 'SVK', 'Slovakia', 'Slovensko', '+421', 'EUR', 'Europe', 'Eastern Europe', TRUE),
('SI', 'SVN', 'Slovenia', 'Slovenija', '+386', 'EUR', 'Europe', 'Southern Europe', TRUE),
('SE', 'SWE', 'Sweden', 'Sverige', '+46', 'USD', 'Europe', 'Northern Europe', TRUE),
('CH', 'CHE', 'Switzerland', 'Schweiz', '+41', 'USD', 'Europe', 'Western Europe', TRUE),
('UA', 'UKR', 'Ukraine', 'Україна', '+380', 'USD', 'Europe', 'Eastern Europe', TRUE),
('VA', 'VAT', 'Vatican City', 'Vaticano', '+379', 'EUR', 'Europe', 'Southern Europe', TRUE),

-- CENTRAL AMERICA
('BZ', 'BLZ', 'Belize', 'Belize', '+501', 'BZD', 'North America', 'Central America', TRUE),
('CR', 'CRI', 'Costa Rica', 'Costa Rica', '+506', 'USD', 'North America', 'Central America', TRUE),
('SV', 'SLV', 'El Salvador', 'El Salvador', '+503', 'USD', 'North America', 'Central America', TRUE),
('GT', 'GTM', 'Guatemala', 'Guatemala', '+502', 'USD', 'North America', 'Central America', TRUE),
('HN', 'HND', 'Honduras', 'Honduras', '+504', 'USD', 'North America', 'Central America', TRUE),
('NI', 'NIC', 'Nicaragua', 'Nicaragua', '+505', 'USD', 'North America', 'Central America', TRUE),
('PA', 'PAN', 'Panama', 'Panamá', '+507', 'USD', 'North America', 'Central America', TRUE),

-- CARIBBEAN
('AG', 'ATG', 'Antigua and Barbuda', 'Antigua and Barbuda', '+1268', 'USD', 'North America', 'Caribbean', TRUE),
('BS', 'BHS', 'Bahamas', 'Bahamas', '+1242', 'USD', 'North America', 'Caribbean', TRUE),
('BB', 'BRB', 'Barbados', 'Barbados', '+1246', 'USD', 'North America', 'Caribbean', TRUE),
('CU', 'CUB', 'Cuba', 'Cuba', '+53', 'USD', 'North America', 'Caribbean', TRUE),
('DM', 'DMA', 'Dominica', 'Dominica', '+1767', 'USD', 'North America', 'Caribbean', TRUE),
('DO', 'DOM', 'Dominican Republic', 'República Dominicana', '+1809', 'USD', 'North America', 'Caribbean', TRUE),
('GD', 'GRD', 'Grenada', 'Grenada', '+1473', 'USD', 'North America', 'Caribbean', TRUE),
('HT', 'HTI', 'Haiti', 'Haïti', '+509', 'USD', 'North America', 'Caribbean', TRUE),
('JM', 'JAM', 'Jamaica', 'Jamaica', '+1876', 'USD', 'North America', 'Caribbean', TRUE),
('KN', 'KNA', 'Saint Kitts and Nevis', 'Saint Kitts and Nevis', '+1869', 'USD', 'North America', 'Caribbean', TRUE),
('LC', 'LCA', 'Saint Lucia', 'Saint Lucia', '+1758', 'USD', 'North America', 'Caribbean', TRUE),
('VC', 'VCT', 'Saint Vincent and the Grenadines', 'Saint Vincent', '+1784', 'USD', 'North America', 'Caribbean', TRUE),
('TT', 'TTO', 'Trinidad and Tobago', 'Trinidad and Tobago', '+1868', 'USD', 'North America', 'Caribbean', TRUE),

-- SOUTH AMERICA (Extended)
('AR', 'ARG', 'Argentina', 'Argentina', '+54', 'USD', 'South America', 'South America', TRUE),
('BO', 'BOL', 'Bolivia', 'Bolivia', '+591', 'USD', 'South America', 'South America', TRUE),
('CL', 'CHL', 'Chile', 'Chile', '+56', 'USD', 'South America', 'South America', TRUE),
('CO', 'COL', 'Colombia', 'Colombia', '+57', 'USD', 'South America', 'South America', TRUE),
('EC', 'ECU', 'Ecuador', 'Ecuador', '+593', 'USD', 'South America', 'South America', TRUE),
('GY', 'GUY', 'Guyana', 'Guyana', '+592', 'USD', 'South America', 'South America', TRUE),
('PY', 'PRY', 'Paraguay', 'Paraguay', '+595', 'USD', 'South America', 'South America', TRUE),
('PE', 'PER', 'Peru', 'Perú', '+51', 'USD', 'South America', 'South America', TRUE),
('SR', 'SUR', 'Suriname', 'Suriname', '+597', 'USD', 'South America', 'South America', TRUE),
('UY', 'URY', 'Uruguay', 'Uruguay', '+598', 'USD', 'South America', 'South America', TRUE),
('VE', 'VEN', 'Venezuela', 'Venezuela', '+58', 'USD', 'South America', 'South America', TRUE),

-- ASIA (Extended)
('AF', 'AFG', 'Afghanistan', 'افغانستان', '+93', 'USD', 'Asia', 'Southern Asia', TRUE),
('AM', 'ARM', 'Armenia', 'Հայաստան', '+374', 'USD', 'Asia', 'Western Asia', TRUE),
('AZ', 'AZE', 'Azerbaijan', 'Azərbaycan', '+994', 'USD', 'Asia', 'Western Asia', TRUE),
('BH', 'BHR', 'Bahrain', 'البحرين', '+973', 'USD', 'Asia', 'Western Asia', TRUE),
('BD', 'BGD', 'Bangladesh', 'বাংলাদেশ', '+880', 'USD', 'Asia', 'Southern Asia', TRUE),
('BT', 'USD', 'Bhutan', 'ʼབྲུག་ཡུལ', '+975', 'USD', 'Asia', 'Southern Asia', TRUE),
('BN', 'BRN', 'Brunei', 'Brunei', '+673', 'USD', 'Asia', 'South-Eastern Asia', TRUE),
('KH', 'KHM', 'Cambodia', 'កម្ពុជា', '+855', 'USD', 'Asia', 'South-Eastern Asia', TRUE),
('GE', 'GEO', 'Georgia', 'საქართველო', '+995', 'USD', 'Asia', 'Western Asia', TRUE),
('HK', 'HKG', 'Hong Kong', '香港', '+852', 'USD', 'Asia', 'Eastern Asia', TRUE),
('ID', 'IDN', 'Indonesia', 'Indonesia', '+62', 'USD', 'Asia', 'South-Eastern Asia', TRUE),
('IR', 'IRN', 'Iran', 'ایران', '+98', 'USD', 'Asia', 'Southern Asia', TRUE),
('IQ', 'IRQ', 'Iraq', 'العراق', '+964', 'USD', 'Asia', 'Western Asia', TRUE),
('IL', 'ISR', 'Israel', 'ישראל', '+972', 'USD', 'Asia', 'Western Asia', TRUE),
('JO', 'JOR', 'Jordan', 'الأردن', '+962', 'USD', 'Asia', 'Western Asia', TRUE),
('KZ', 'KAZ', 'Kazakhstan', 'Қазақстан', '+7', 'USD', 'Asia', 'Central Asia', TRUE),
('KW', 'KWT', 'Kuwait', 'الكويت', '+965', 'USD', 'Asia', 'Western Asia', TRUE),
('KG', 'KGZ', 'Kyrgyzstan', 'Кыргызстан', '+996', 'USD', 'Asia', 'Central Asia', TRUE),
('LA', 'LAO', 'Laos', 'ລາວ', '+856', 'USD', 'Asia', 'South-Eastern Asia', TRUE),
('LB', 'LBN', 'Lebanon', 'لبنان', '+961', 'USD', 'Asia', 'Western Asia', TRUE),
('MO', 'MAC', 'Macau', '澳門', '+853', 'USD', 'Asia', 'Eastern Asia', TRUE),
('MY', 'MYS', 'Malaysia', 'Malaysia', '+60', 'USD', 'Asia', 'South-Eastern Asia', TRUE),
('MV', 'MDV', 'Maldives', 'ދިވެހިރާއްޖެ', '+960', 'USD', 'Asia', 'Southern Asia', TRUE),
('MN', 'MNG', 'Mongolia', 'Монгол', '+976', 'USD', 'Asia', 'Eastern Asia', TRUE),
('MM', 'MMR', 'Myanmar', 'မြန်မာ', '+95', 'USD', 'Asia', 'South-Eastern Asia', TRUE),
('NP', 'NPL', 'Nepal', 'नेपाल', '+977', 'USD', 'Asia', 'Southern Asia', TRUE),
('KP', 'PRK', 'North Korea', '북한', '+850', 'USD', 'Asia', 'Eastern Asia', TRUE),
('OM', 'OMN', 'Oman', 'عمان', '+968', 'USD', 'Asia', 'Western Asia', TRUE),
('PK', 'PAK', 'Pakistan', 'پاکستان', '+92', 'USD', 'Asia', 'Southern Asia', TRUE),
('PS', 'PSE', 'Palestine', 'فلسطين', '+970', 'USD', 'Asia', 'Western Asia', TRUE),
('PH', 'PHL', 'Philippines', 'Pilipinas', '+63', 'USD', 'Asia', 'South-Eastern Asia', TRUE),
('QA', 'QAT', 'Qatar', 'قطر', '+974', 'USD', 'Asia', 'Western Asia', TRUE),
('SA', 'SAU', 'Saudi Arabia', 'السعودية', '+966', 'USD', 'Asia', 'Western Asia', TRUE),
('SG', 'SGP', 'Singapore', 'Singapore', '+65', 'USD', 'Asia', 'South-Eastern Asia', TRUE),
('KR', 'KOR', 'South Korea', '한국', '+82', 'USD', 'Asia', 'Eastern Asia', TRUE),
('LK', 'LKA', 'Sri Lanka', 'ශ්‍රී ලංකා', '+94', 'USD', 'Asia', 'Southern Asia', TRUE),
('SY', 'SYR', 'Syria', 'سوريا', '+963', 'USD', 'Asia', 'Western Asia', TRUE),
('TW', 'TWN', 'Taiwan', '台灣', '+886', 'USD', 'Asia', 'Eastern Asia', TRUE),
('TJ', 'TJK', 'Tajikistan', 'Тоҷикистон', '+992', 'USD', 'Asia', 'Central Asia', TRUE),
('TH', 'THA', 'Thailand', 'ไทย', '+66', 'USD', 'Asia', 'South-Eastern Asia', TRUE),
('TL', 'TLS', 'Timor-Leste', 'Timor-Leste', '+670', 'USD', 'Asia', 'South-Eastern Asia', TRUE),
('TM', 'TKM', 'Turkmenistan', 'Türkmenistan', '+993', 'USD', 'Asia', 'Central Asia', TRUE),
('AE', 'ARE', 'United Arab Emirates', 'الإمارات', '+971', 'USD', 'Asia', 'Western Asia', TRUE),
('UZ', 'UZB', 'Uzbekistan', 'Oʻzbekiston', '+998', 'USD', 'Asia', 'Central Asia', TRUE),
('VN', 'VNM', 'Vietnam', 'Việt Nam', '+84', 'USD', 'Asia', 'South-Eastern Asia', TRUE),
('YE', 'YEM', 'Yemen', 'اليمن', '+967', 'USD', 'Asia', 'Western Asia', TRUE),

-- AFRICA (Complete List)
('DZ', 'DZA', 'Algeria', 'الجزائر', '+213', 'USD', 'Africa', 'Northern Africa', TRUE),
('AO', 'AGO', 'Angola', 'Angola', '+244', 'USD', 'Africa', 'Middle Africa', TRUE),
('BJ', 'BEN', 'Benin', 'Bénin', '+229', 'USD', 'Africa', 'Western Africa', TRUE),
('BW', 'BWA', 'Botswana', 'Botswana', '+267', 'USD', 'Africa', 'Southern Africa', TRUE),
('BF', 'BFA', 'Burkina Faso', 'Burkina Faso', '+226', 'USD', 'Africa', 'Western Africa', TRUE),
('BI', 'BDI', 'Burundi', 'Burundi', '+257', 'USD', 'Africa', 'Eastern Africa', TRUE),
('CM', 'CMR', 'Cameroon', 'Cameroun', '+237', 'USD', 'Africa', 'Middle Africa', TRUE),
('CV', 'CPV', 'Cape Verde', 'Cabo Verde', '+238', 'USD', 'Africa', 'Western Africa', TRUE),
('CF', 'CAF', 'Central African Republic', 'Centrafrique', '+236', 'USD', 'Africa', 'Middle Africa', TRUE),
('TD', 'TCD', 'Chad', 'Tchad', '+235', 'USD', 'Africa', 'Middle Africa', TRUE),
('KM', 'COM', 'Comoros', 'Comores', '+269', 'USD', 'Africa', 'Eastern Africa', TRUE),
('CG', 'COG', 'Congo', 'Congo', '+242', 'USD', 'Africa', 'Middle Africa', TRUE),
('CD', 'COD', 'DR Congo', 'RD Congo', '+243', 'USD', 'Africa', 'Middle Africa', TRUE),
('CI', 'CIV', 'Côte d''Ivoire', 'Côte d''Ivoire', '+225', 'USD', 'Africa', 'Western Africa', TRUE),
('DJ', 'DJI', 'Djibouti', 'Djibouti', '+253', 'USD', 'Africa', 'Eastern Africa', TRUE),
('EG', 'EGY', 'Egypt', 'مصر', '+20', 'USD', 'Africa', 'Northern Africa', TRUE),
('GQ', 'GNQ', 'Equatorial Guinea', 'Guinea Ecuatorial', '+240', 'USD', 'Africa', 'Middle Africa', TRUE),
('ER', 'ERI', 'Eritrea', 'ኤርትራ', '+291', 'USD', 'Africa', 'Eastern Africa', TRUE),
('ET', 'ETH', 'Ethiopia', 'ኢትዮጵያ', '+251', 'USD', 'Africa', 'Eastern Africa', TRUE),
('GA', 'GAB', 'Gabon', 'Gabon', '+241', 'USD', 'Africa', 'Middle Africa', TRUE),
('GM', 'GMB', 'Gambia', 'Gambia', '+220', 'USD', 'Africa', 'Western Africa', TRUE),
('GH', 'GHA', 'Ghana', 'Ghana', '+233', 'USD', 'Africa', 'Western Africa', TRUE),
('GN', 'GIN', 'Guinea', 'Guinée', '+224', 'USD', 'Africa', 'Western Africa', TRUE),
('GW', 'GNB', 'Guinea-Bissau', 'Guiné-Bissau', '+245', 'USD', 'Africa', 'Western Africa', TRUE),
('KE', 'KEN', 'Kenya', 'Kenya', '+254', 'USD', 'Africa', 'Eastern Africa', TRUE),
('LS', 'LSO', 'Lesotho', 'Lesotho', '+266', 'USD', 'Africa', 'Southern Africa', TRUE),
('LR', 'LBR', 'Liberia', 'Liberia', '+231', 'USD', 'Africa', 'Western Africa', TRUE),
('LY', 'LBY', 'Libya', 'ليبيا', '+218', 'USD', 'Africa', 'Northern Africa', TRUE),
('MG', 'MDG', 'Madagascar', 'Madagasikara', '+261', 'USD', 'Africa', 'Eastern Africa', TRUE),
('MW', 'MWI', 'Malawi', 'Malawi', '+265', 'USD', 'Africa', 'Eastern Africa', TRUE),
('ML', 'MLI', 'Mali', 'Mali', '+223', 'USD', 'Africa', 'Western Africa', TRUE),
('MR', 'MRT', 'Mauritania', 'موريتانيا', '+222', 'USD', 'Africa', 'Western Africa', TRUE),
('MU', 'MUS', 'Mauritius', 'Mauritius', '+230', 'USD', 'Africa', 'Eastern Africa', TRUE),
('MA', 'MAR', 'Morocco', 'المغرب', '+212', 'USD', 'Africa', 'Northern Africa', TRUE),
('MZ', 'MOZ', 'Mozambique', 'Moçambique', '+258', 'USD', 'Africa', 'Eastern Africa', TRUE),
('NA', 'NAM', 'Namibia', 'Namibia', '+264', 'USD', 'Africa', 'Southern Africa', TRUE),
('NE', 'NER', 'Niger', 'Niger', '+227', 'USD', 'Africa', 'Western Africa', TRUE),
('NG', 'NGA', 'Nigeria', 'Nigeria', '+234', 'USD', 'Africa', 'Western Africa', TRUE),
('RW', 'RWA', 'Rwanda', 'Rwanda', '+250', 'USD', 'Africa', 'Eastern Africa', TRUE),
('ST', 'STP', 'São Tomé and Príncipe', 'São Tomé e Príncipe', '+239', 'USD', 'Africa', 'Middle Africa', TRUE),
('SN', 'SEN', 'Senegal', 'Sénégal', '+221', 'USD', 'Africa', 'Western Africa', TRUE),
('SC', 'SYC', 'Seychelles', 'Seychelles', '+248', 'USD', 'Africa', 'Eastern Africa', TRUE),
('SL', 'SLE', 'Sierra Leone', 'Sierra Leone', '+232', 'USD', 'Africa', 'Western Africa', TRUE),
('SO', 'SOM', 'Somalia', 'Soomaaliya', '+252', 'USD', 'Africa', 'Eastern Africa', TRUE),
('SS', 'SSD', 'South Sudan', 'South Sudan', '+211', 'USD', 'Africa', 'Eastern Africa', TRUE),
('SD', 'SDN', 'Sudan', 'السودان', '+249', 'USD', 'Africa', 'Northern Africa', TRUE),
('SZ', 'SWZ', 'Eswatini', 'Eswatini', '+268', 'USD', 'Africa', 'Southern Africa', TRUE),
('TZ', 'TZA', 'Tanzania', 'Tanzania', '+255', 'USD', 'Africa', 'Eastern Africa', TRUE),
('TG', 'TGO', 'Togo', 'Togo', '+228', 'USD', 'Africa', 'Western Africa', TRUE),
('TN', 'TUN', 'Tunisia', 'تونس', '+216', 'USD', 'Africa', 'Northern Africa', TRUE),
('UG', 'UGA', 'Uganda', 'Uganda', '+256', 'USD', 'Africa', 'Eastern Africa', TRUE),
('ZM', 'ZMB', 'Zambia', 'Zambia', '+260', 'USD', 'Africa', 'Eastern Africa', TRUE),
('ZW', 'ZWE', 'Zimbabwe', 'Zimbabwe', '+263', 'USD', 'Africa', 'Eastern Africa', TRUE),

-- OCEANIA
('FJ', 'FJI', 'Fiji', 'Fiji', '+679', 'USD', 'Oceania', 'Melanesia', TRUE),
('KI', 'KIR', 'Kiribati', 'Kiribati', '+686', 'AUD', 'Oceania', 'Micronesia', TRUE),
('MH', 'MHL', 'Marshall Islands', 'Marshall Islands', '+692', 'USD', 'Oceania', 'Micronesia', TRUE),
('FM', 'FSM', 'Micronesia', 'Micronesia', '+691', 'USD', 'Oceania', 'Micronesia', TRUE),
('NR', 'NRU', 'Nauru', 'Nauru', '+674', 'AUD', 'Oceania', 'Micronesia', TRUE),
('NZ', 'NZL', 'New Zealand', 'New Zealand', '+64', 'NZD', 'Oceania', 'Australia and New Zealand', TRUE),
('PW', 'PLW', 'Palau', 'Palau', '+680', 'USD', 'Oceania', 'Micronesia', TRUE),
('PG', 'PNG', 'Papua New Guinea', 'Papua New Guinea', '+675', 'USD', 'Oceania', 'Melanesia', TRUE),
('WS', 'WSM', 'Samoa', 'Samoa', '+685', 'USD', 'Oceania', 'Polynesia', TRUE),
('SB', 'SLB', 'Solomon Islands', 'Solomon Islands', '+677', 'USD', 'Oceania', 'Melanesia', TRUE),
('TO', 'TON', 'Tonga', 'Tonga', '+676', 'USD', 'Oceania', 'Polynesia', TRUE),
('TV', 'TUV', 'Tuvalu', 'Tuvalu', '+688', 'AUD', 'Oceania', 'Polynesia', TRUE),
('VU', 'VUT', 'Vanuatu', 'Vanuatu', '+678', 'USD', 'Oceania', 'Melanesia', TRUE)

ON CONFLICT (code) DO NOTHING;
